{"32":{"u":0,"v":0,"w":0.07373809814453125,"h":0.15625,"vx":0,"vy":0,"vw":37.75390625,"vh":40},"35":{"u":0.07373809814453125,"v":0.15625,"w":0.07373809814453125,"h":0.15625,"vx":0,"vy":0,"vw":37.75390625,"vh":40},"40":{"u":0.7373809814453125,"v":0,"w":0.07373809814453125,"h":0.15625,"vx":0,"vy":0,"vw":37.75390625,"vh":40},"41":{"u":0.8111190795898438,"v":0,"w":0.07373809814453125,"h":0.15625,"vx":0,"vy":0,"vw":37.75390625,"vh":40},"42":{"u":0.36869049072265625,"v":0,"w":0.07373809814453125,"h":0.15625,"vx":0,"vy":0,"vw":37.75390625,"vh":40},"43":{"u":0.1474761962890625,"v":0,"w":0.07373809814453125,"h":0.15625,"vx":0,"vy":0,"vw":37.75390625,"vh":40},"44":{"u":0.4424285888671875,"v":0,"w":0.07373809814453125,"h":0.15625,"vx":0,"vy":0,"vw":37.75390625,"vh":40},"45":{"u":0.22121429443359375,"v":0,"w":0.07373809814453125,"h":0.15625,"vx":0,"vy":0,"vw":37.75390625,"vh":40},"46":{"u":0.5161666870117188,"v":0,"w":0.07373809814453125,"h":0.15625,"vx":0,"vy":0,"vw":37.75390625,"vh":40},"47":{"u":0.884857177734375,"v":0,"w":0.07373809814453125,"h":0.15625,"vx":0,"vy":0,"vw":37.75390625,"vh":40},"48":{"u":0.22121429443359375,"v":0.15625,"w":0.07373809814453125,"h":0.15625,"vx":0,"vy":0,"vw":37.75390625,"vh":40},"49":{"u":0.294952392578125,"v":0.15625,"w":0.07373809814453125,"h":0.15625,"vx":0,"vy":0,"vw":37.75390625,"vh":40},"50":{"u":0.36869049072265625,"v":0.15625,"w":0.07373809814453125,"h":0.15625,"vx":0,"vy":0,"vw":37.75390625,"vh":40},"51":{"u":0.4424285888671875,"v":0.15625,"w":0.07373809814453125,"h":0.15625,"vx":0,"vy":0,"vw":37.75390625,"vh":40},"52":{"u":0.5161666870117188,"v":0.15625,"w":0.07373809814453125,"h":0.15625,"vx":0,"vy":0,"vw":37.75390625,"vh":40},"53":{"u":0.58990478515625,"v":0.15625,"w":0.07373809814453125,"h":0.15625,"vx":0,"vy":0,"vw":37.75390625,"vh":40},"54":{"u":0.6636428833007812,"v":0.15625,"w":0.07373809814453125,"h":0.15625,"vx":0,"vy":0,"vw":37.75390625,"vh":40},"55":{"u":0.7373809814453125,"v":0.15625,"w":0.07373809814453125,"h":0.15625,"vx":0,"vy":0,"vw":37.75390625,"vh":40},"56":{"u":0.8111190795898438,"v":0.15625,"w":0.07373809814453125,"h":0.15625,"vx":0,"vy":0,"vw":37.75390625,"vh":40},"57":{"u":0.884857177734375,"v":0.15625,"w":0.07373809814453125,"h":0.15625,"vx":0,"vy":0,"vw":37.75390625,"vh":40},"58":{"u":0.58990478515625,"v":0,"w":0.07373809814453125,"h":0.15625,"vx":0,"vy":0,"vw":37.75390625,"vh":40},"59":{"u":0.6636428833007812,"v":0,"w":0.07373809814453125,"h":0.15625,"vx":0,"vy":0,"vw":37.75390625,"vh":40},"61":{"u":0.294952392578125,"v":0,"w":0.07373809814453125,"h":0.15625,"vx":0,"vy":0,"vw":37.75390625,"vh":40},"65":{"u":0,"v":0.625,"w":0.07373809814453125,"h":0.15625,"vx":0,"vy":0,"vw":37.75390625,"vh":40},"66":{"u":0.07373809814453125,"v":0.625,"w":0.07373809814453125,"h":0.15625,"vx":0,"vy":0,"vw":37.75390625,"vh":40},"67":{"u":0.1474761962890625,"v":0.625,"w":0.07373809814453125,"h":0.15625,"vx":0,"vy":0,"vw":37.75390625,"vh":40},"68":{"u":0.22121429443359375,"v":0.625,"w":0.07373809814453125,"h":0.15625,"vx":0,"vy":0,"vw":37.75390625,"vh":40},"69":{"u":0.294952392578125,"v":0.625,"w":0.07373809814453125,"h":0.15625,"vx":0,"vy":0,"vw":37.75390625,"vh":40},"70":{"u":0.36869049072265625,"v":0.625,"w":0.07373809814453125,"h":0.15625,"vx":0,"vy":0,"vw":37.75390625,"vh":40},"71":{"u":0.4424285888671875,"v":0.625,"w":0.07373809814453125,"h":0.15625,"vx":0,"vy":0,"vw":37.75390625,"vh":40},"72":{"u":0.5161666870117188,"v":0.625,"w":0.07373809814453125,"h":0.15625,"vx":0,"vy":0,"vw":37.75390625,"vh":40},"73":{"u":0.58990478515625,"v":0.625,"w":0.07373809814453125,"h":0.15625,"vx":0,"vy":0,"vw":37.75390625,"vh":40},"74":{"u":0.6636428833007812,"v":0.625,"w":0.07373809814453125,"h":0.15625,"vx":0,"vy":0,"vw":37.75390625,"vh":40},"75":{"u":0.7373809814453125,"v":0.625,"w":0.07373809814453125,"h":0.15625,"vx":0,"vy":0,"vw":37.75390625,"vh":40},"76":{"u":0.8111190795898438,"v":0.625,"w":0.07373809814453125,"h":0.15625,"vx":0,"vy":0,"vw":37.75390625,"vh":40},"77":{"u":0.884857177734375,"v":0.625,"w":0.07373809814453125,"h":0.15625,"vx":0,"vy":0,"vw":37.75390625,"vh":40},"78":{"u":0,"v":0.78125,"w":0.07373809814453125,"h":0.15625,"vx":0,"vy":0,"vw":37.75390625,"vh":40},"79":{"u":0.07373809814453125,"v":0.78125,"w":0.07373809814453125,"h":0.15625,"vx":0,"vy":0,"vw":37.75390625,"vh":40},"80":{"u":0.1474761962890625,"v":0.78125,"w":0.07373809814453125,"h":0.15625,"vx":0,"vy":0,"vw":37.75390625,"vh":40},"81":{"u":0.22121429443359375,"v":0.78125,"w":0.07373809814453125,"h":0.15625,"vx":0,"vy":0,"vw":37.75390625,"vh":40},"82":{"u":0.294952392578125,"v":0.78125,"w":0.07373809814453125,"h":0.15625,"vx":0,"vy":0,"vw":37.75390625,"vh":40},"83":{"u":0.36869049072265625,"v":0.78125,"w":0.07373809814453125,"h":0.15625,"vx":0,"vy":0,"vw":37.75390625,"vh":40},"84":{"u":0.4424285888671875,"v":0.78125,"w":0.07373809814453125,"h":0.15625,"vx":0,"vy":0,"vw":37.75390625,"vh":40},"85":{"u":0.5161666870117188,"v":0.78125,"w":0.07373809814453125,"h":0.15625,"vx":0,"vy":0,"vw":37.75390625,"vh":40},"86":{"u":0.58990478515625,"v":0.78125,"w":0.07373809814453125,"h":0.15625,"vx":0,"vy":0,"vw":37.75390625,"vh":40},"87":{"u":0.6636428833007812,"v":0.78125,"w":0.07373809814453125,"h":0.15625,"vx":0,"vy":0,"vw":37.75390625,"vh":40},"88":{"u":0.7373809814453125,"v":0.78125,"w":0.07373809814453125,"h":0.15625,"vx":0,"vy":0,"vw":37.75390625,"vh":40},"89":{"u":0.8111190795898438,"v":0.78125,"w":0.07373809814453125,"h":0.15625,"vx":0,"vy":0,"vw":37.75390625,"vh":40},"90":{"u":0.884857177734375,"v":0.78125,"w":0.07373809814453125,"h":0.15625,"vx":0,"vy":0,"vw":37.75390625,"vh":40},"92":{"u":0,"v":0.15625,"w":0.07373809814453125,"h":0.15625,"vx":0,"vy":0,"vw":37.75390625,"vh":40},"94":{"u":0.1474761962890625,"v":0.15625,"w":0.07373809814453125,"h":0.15625,"vx":0,"vy":0,"vw":37.75390625,"vh":40},"95":{"u":0.07373809814453125,"v":0,"w":0.07373809814453125,"h":0.15625,"vx":0,"vy":0,"vw":37.75390625,"vh":40},"97":{"u":0,"v":0.3125,"w":0.07373809814453125,"h":0.15625,"vx":0,"vy":0,"vw":37.75390625,"vh":40},"98":{"u":0.07373809814453125,"v":0.3125,"w":0.07373809814453125,"h":0.15625,"vx":0,"vy":0,"vw":37.75390625,"vh":40},"99":{"u":0.1474761962890625,"v":0.3125,"w":0.07373809814453125,"h":0.15625,"vx":0,"vy":0,"vw":37.75390625,"vh":40},"100":{"u":0.22121429443359375,"v":0.3125,"w":0.07373809814453125,"h":0.15625,"vx":0,"vy":0,"vw":37.75390625,"vh":40},"101":{"u":0.294952392578125,"v":0.3125,"w":0.07373809814453125,"h":0.15625,"vx":0,"vy":0,"vw":37.75390625,"vh":40},"102":{"u":0.36869049072265625,"v":0.3125,"w":0.07373809814453125,"h":0.15625,"vx":0,"vy":0,"vw":37.75390625,"vh":40},"103":{"u":0.4424285888671875,"v":0.3125,"w":0.07373809814453125,"h":0.15625,"vx":0,"vy":0,"vw":37.75390625,"vh":40},"104":{"u":0.5161666870117188,"v":0.3125,"w":0.07373809814453125,"h":0.15625,"vx":0,"vy":0,"vw":37.75390625,"vh":40},"105":{"u":0.58990478515625,"v":0.3125,"w":0.07373809814453125,"h":0.15625,"vx":0,"vy":0,"vw":37.75390625,"vh":40},"106":{"u":0.6636428833007812,"v":0.3125,"w":0.07373809814453125,"h":0.15625,"vx":0,"vy":0,"vw":37.75390625,"vh":40},"107":{"u":0.7373809814453125,"v":0.3125,"w":0.07373809814453125,"h":0.15625,"vx":0,"vy":0,"vw":37.75390625,"vh":40},"108":{"u":0.8111190795898438,"v":0.3125,"w":0.07373809814453125,"h":0.15625,"vx":0,"vy":0,"vw":37.75390625,"vh":40},"109":{"u":0.884857177734375,"v":0.3125,"w":0.07373809814453125,"h":0.15625,"vx":0,"vy":0,"vw":37.75390625,"vh":40},"110":{"u":0,"v":0.46875,"w":0.07373809814453125,"h":0.15625,"vx":0,"vy":0,"vw":37.75390625,"vh":40},"111":{"u":0.07373809814453125,"v":0.46875,"w":0.07373809814453125,"h":0.15625,"vx":0,"vy":0,"vw":37.75390625,"vh":40},"112":{"u":0.1474761962890625,"v":0.46875,"w":0.07373809814453125,"h":0.15625,"vx":0,"vy":0,"vw":37.75390625,"vh":40},"113":{"u":0.22121429443359375,"v":0.46875,"w":0.07373809814453125,"h":0.15625,"vx":0,"vy":0,"vw":37.75390625,"vh":40},"114":{"u":0.294952392578125,"v":0.46875,"w":0.07373809814453125,"h":0.15625,"vx":0,"vy":0,"vw":37.75390625,"vh":40},